{
    "brasileirao": { 
        "Athletico Paranaense": "Club_Athletico_Paranaense",
        "Atlético Goianiense": "Atlético_Clube_Goianiense",
        "Atlético Mineiro": "Clube_Atlético_Mineiro",
        "Bahia": "Esporte_Clube_Bahia",
        "Botafogo": "Botafogo_de_Futebol_e_Regatas",
        "Corinthians": "Sport_Club_Corinthians_Paulista",
        "Criciúma": "Criciúma_Esporte_Clube",
        "Cruzeiro": "Cruzeiro_Esporte_Clube",
        "Cuiabá": "Cuiabá_Esporte_Clube",
        "Flamengo": "Clube_de_Regatas_do_Flamengo",
        "Fluminense": "Fluminense_Football_Club",
        "Fortaleza": "Fortaleza_Esporte_Clube",
        "Grêmio": "Grêmio_Foot-Ball_Porto_Alegrense",
        "Internacional": "Sport_Club_Internacional",
        "Juventude": "Esporte_Clube_Juventude",
        "Palmeiras": "Sociedade_Esportiva_Palmeiras",
        "Red Bull Bragantino": "Red_Bull_Bragantino",
        "São Paulo": "São_Paulo_Futebol_Clube",
        "Vasco da Gama": "Club_de_Regatas_Vasco_da_Gama",
        "Vitória": "Esporte_Clube_Vitória",
        "Amazonas": "Amazonas_Futebol_Clube",
        "América-MG": "América_Futebol_Clube_(Minas_Gerais)",
        "Avaí": "Avaí_Futebol_Clube",
        "Botafogo-SP": "Botafogo_Futebol_Clube_(Ribeirão_Preto)",
        "Brusque": "Brusque_Futebol_Clube",
        "Ceará": "Ceará_Sporting_Club",
        "Chapecoense": "Associação_Chapecoense_de_Futebol",
        "Coritiba": "Coritiba_Foot_Ball_Club",
        "CRB": "Clube_de_Regatas_Brasil",
        "Goiás": "Goiás_Esporte_Clube",
        "Guarani": "Guarani_Futebol_Clube",
        "Ituano": "Ituano_Futebol_Clube",
        "Mirassol": "Mirassol_Futebol_Clube",
        "Novorizontino": "Grêmio_Novorizontino",
        "Operário-PR": "Operário_Ferroviário_Esporte_Clube",
        "Paysandu": "Paysandu_Sport_Club",
        "Ponte Preta": "Associação_Atlética_Ponte_Preta",
        "Santos": "Santos_Futebol_Clube",
        "Sport": "Sport_Club_do_Recife",
        "Vila Nova": "Vila_Nova_Futebol_Clube"
    },
    "brasileiraob": {
        "Amazonas": "Amazonas_Futebol_Clube",
        "América-MG": "América_Futebol_Clube_(Minas_Gerais)",
        "Avaí": "Avaí_Futebol_Clube",
        "Botafogo-SP": "Botafogo_Futebol_Clube_(Ribeirão_Preto)",
        "Brusque": "Brusque_Futebol_Clube",
        "Ceará": "Ceará_Sporting_Club",
        "Chapecoense": "Associação_Chapecoense_de_Futebol",
        "Coritiba": "Coritiba_Foot_Ball_Club",
        "CRB": "Clube_de_Regatas_Brasil",
        "Goiás": "Goiás_Esporte_Clube",
        "Guarani": "Guarani_Futebol_Clube",
        "Ituano": "Ituano_Futebol_Clube",
        "Mirassol": "Mirassol_Futebol_Clube",
        "Novorizontino": "Grêmio_Novorizontino",
        "Operário-PR": "Operário_Ferroviário_Esporte_Clube",
        "Paysandu": "Paysandu_Sport_Club",
        "Ponte Preta": "Associação_Atlética_Ponte_Preta",
        "Santos": "Santos_Futebol_Clube",
        "Sport": "Sport_Club_do_Recife",
        "Vila Nova": "Vila_Nova_Futebol_Clube"
    },
    "premier": {
        "Manchester City": "Manchester_City_F.C.",
        "Liverpool": "Liverpool_F.C.",
        "Arsenal": "Arsenal_F.C.",
        "Chelsea": "Chelsea_F.C.",
        "Tottenham Hotspur": "Tottenham_Hotspur_F.C.",
        "Newcastle United": "Newcastle_United_F.C.",
        "Manchester United": "Manchester_United_F.C.",
        "Aston Villa": "Aston_Villa_F.C.",
        "Everton": "Everton_F.C.",
        "West Ham United": "West_Ham_United_F.C.",
        "Leicester City": "Leicester_City_F.C.",
        "Wolverhampton Wanderers": "Wolverhampton_Wanderers_F.C.",
        "Southampton": "Southampton_F.C.",
        "Ipswich Town": "Ipswich_Town_F.C.",
        "Nottingham Forest": "Nottingham_Forest_F.C.",
        "Leeds United": "Leeds_United_F.C.",
        "Fulham": "Fulham_F.C.",
        "Crystal Palace": "Crystal_Palace_F.C.",
        "Brighton & Hove Albion": "Brighton_&_Hove_Albion_F.C.",
        "Bournemouth": "A.F.C._Bournemouth",
        "Brentford": "Brentford_F.C.",
        "Burnley": "Burnley_F.C.",
        "Luton Town": "Luton_Town_F.C.",
        "Sheffield United": "Sheffield_United_F.C.",
        "West Bromwich Albion": "West_Bromwich_Albion_F.C.",
        "Hull City": "Hull_City_A.F.C.",
        "Coventry City": "Coventry_City_F.C.",
        "Middlesbrough": "Middlesbrough_F.C.",
        "Norwich City": "Norwich_City_F.C.",
        "Bristol City": "Bristol_City_F.C.",
        "Cardiff City": "Cardiff_City_F.C.",
        "Swansea City": "Swansea_City_A.F.C.",
        "Watford": "Watford_F.C.",
        "Sunderland": "Sunderland_A.F.C.",
        "Stoke City": "Stoke_City_F.C.",
        "Queens Park Rangers": "Queens_Park_Rangers_F.C.",
        "Blackburn Rovers": "Blackburn_Rovers_F.C.",
        "Sheffield Wednesday": "Sheffield_Wednesday_F.C.",
        "Derby County": "Derby_County_F.C.",
        "Portsmouth": "Portsmouth_F.C."
    },
    "laliga": {
        "Real Madrid": "Real_Madrid_Club_de_Fútbol",
        "Barcelona": "Fútbol_Club_Barcelona",
        "Atlético Madrid": "Club_Atlético_de_Madrid",
        "Sevilla": "Sevilla_Fútbol_Club",
        "Valencia": "Valencia_Club_de_Fútbol",
        "Real Sociedad": "Real_Sociedad_de_Fútbol",
        "Athletic Bilbao": "Athletic_Club",
        "Getafe": "Getafe_Club_de_Fútbol",
        "Villarreal": "Villarreal_Club_de_Fútbol",
        "Real Betis": "Real_Betis_Club_de_Fútbol",
        "Celta Vigo": "Real_Club_Celta_de_Vigo",
        "Osasuna": "Club_Atlético_Osasuna",
        "Alavés": "Deportivo_Alavés",
        "Levante": "Levante_Unión_Deportiva",
        "Elche": "Elche_Club_de_Fútbol",
        "Cádiz": "Cádiz_Club_de_Fútbol",
        "Mallorca": "Real_Club_Deportivo_Mallorca",
        "Rayo Vallecano": "Rayo_Vallecano",
        "Espanyol": "RCD_Espanyol",
        "Valladolid": "Real_Valladolid",
        "Granada": "Granada_Club_de_Fútbol",
        "Almería": "Unión_Deportiva_Almería",
        "Girona": "Girona_Fútbol_Club",
        "Las Palmas": "Unión_Deportiva_Las_Palmas",
        "Leganés": "Club_Deportivo_Leganés",
        "Huesca": "Sociedad_Deportiva_Huesca",
        "Eibar": "Sociedad_Deportiva_Eibar",
        "Real Zaragoza": "Real_Zaragoza",
        "Sporting Gijón": "Real_Sporting_de_Gijón",
        "Oviedo": "Real_Oviedo",
        "Deportivo La Coruña": "Real_Club_Deportivo_de_La_Coruña",
        "Málaga": "Málaga_Club_de_Fútbol",
        "Tenerife": "Club_Deportivo_Tenerife",
        "Córdoba": "Córdoba_Club_de_Fútbol",
        "Recreativo": "Real_Club_Recreativo_de_Huelva",
        "Numancia": "Club_Deportivo_Numancia_de_Soria",
        "Racing Santander": "Real_Racing_Club_de_Santander",
        "Albacete": "Albacete_Balompié",
        "Burgos": "Burgos_Club_de_Fútbol",
        "FC Cartagena": "Fútbol_Club_Cartagena",
        "Mirandés": "Club_Deportivo_Mirandés"
    },
    "seriea": {
        "Juventus": "Juventus_Football_Club",
        "Inter": "Football_Club_Internazionale_Milano",
        "Milan": "Associazione_Calcio_Milan",
        "Napoli": "Società_Sportiva_Calcio_Napoli",
        "AS Roma": "Associazione_Sportiva_Roma",
        "Roma": "Associazione_Sportiva_Roma",
        "Lazio": "Società_Sportiva_Lazio",
        "Fiorentina": "ACF_Fiorentina",
        "Atalanta": "Atalanta_Bergamasca_Calcio",
        "Bologna": "Bologna_F.C._1909",
        "Torino": "Torino_F.C.",
        "Genoa": "Genoa_C.F.C.",
        "Monza": "A.C._Monza",
        "Lecce": "U.S._Lecce",
        "Udinese": "Udinese_Calcio",
        "Cagliari": "Cagliari_Calcio",
        "Empoli": "Empoli_F.C.",
        "Hellas Verona": "Hellas_Verona_F.C.",
        "Parma": "Parma_Calcio_1913",
        "Como": "Como_1907",
        "Venezia": "Venezia_F.C.",
        "Cremonese": "U.S._Cremonese",
        "Catanzaro": "U.S._Catanzaro_1929",
        "Palermo": "Palermo_F.C.",
        "Sampdoria": "U.C._Sampdoria",
        "Brescia": "Brescia_Calcio",
        "Pisa": "Pisa_S.C.",
        "Reggiana": "A.C._Reggiana_1919",
        "Modena": "Modena_F.C.",
        "Südtirol": "F.C._Südtirol",
        "Cosenza": "Cosenza_Calcio",
        "Spezia": "Spezia_Calcio",
        "Ternana": "Ternana_Calcio",
        "Bari": "S.S.C._Bari",
        "Ascoli": "Ascoli_Calcio_1898_F.C.",
        "Frosinone": "Frosinone_Calcio",
        "Salernitana": "U.S._Salernitana_1919",
        "Sassuolo": "U.S._Sassuolo_Calcio"
    },
    "bundesliga": {
        "Bayern Munich": "Fußball-Club_Bayern_München",
        "Borussia Dortmund": "Ballspielverein_Borussia_09_e._V._Dortmund",
        "RB Leipzig": "RB_Leipzig",
        "Bayer Leverkusen": "Bayer_04_Leverkusen",
        "VfB Stuttgart": "VfB_Stuttgart",
        "Eintracht Frankfurt": "Eintracht_Frankfurt",
        "FC St. Pauli": "FC_St._Pauli",
        "Holstein Kiel": "Holstein_Kiel",
        "Fortuna Düsseldorf": "Fortuna_Düsseldorf",
        "Hamburger SV": "Hamburger_SV",
        "Karlsruher SC": "Karlsruher_SC",
        "Hannover 96": "Hannover_96",
        "SC Paderborn 07": "SC_Paderborn_07",
        "Greuther Fürth": "SpVgg_Greuther_Fürth",
        "Hertha BSC": "Hertha_BSC",
        "Schalke 04": "FC_Schalke_04",
        "1. FC Nürnberg": "1._FC_Nürnberg",
        "1. FC Kaiserslautern": "1._FC_Kaiserslautern",
        "1. FC Magdeburg": "1._FC_Magdeburg",
        "Eintracht Braunschweig": "Eintracht_Braunschweig",
        "VfL Osnabrück": "VfL_Osnabrück",
        "Wehen Wiesbaden": "SV_Wehen_Wiesbaden",
        "Hansa Rostock": "F.C._Hansa_Rostock",
        "SSV Ulm 1846": "SSV_Ulm_1846",
        "Preussen Münster": "SC_Preußen_Münster",
        "Jahn Regensburg": "SSV_Jahn_Regensburg",
        "Dynamo Dresden": "Dynamo_Dresden",
        "1. FC Saarbrücken": "1._FC_Saarbrücken",
        "Erzgebirge Aue": "FC_Erzgebirge_Aue",
        "Rot-Weiss Essen": "Rot-Weiss_Essen",
        "SV Sandhausen": "SV_Sandhausen",
        "SpVgg Unterhaching": "SpVgg_Unterhaching",
        "FC Ingolstadt 04": "FC_Ingolstadt_04",
        "Borussia Mönchengladbach": "Borussia_Mönchengladbach",
        "VfL Wolfsburg": "VfL_Wolfsburg",
        "TSG Hoffenheim": "TSG_1899_Hoffenheim",
        "SC Freiburg": "SC_Freiburg",
        "FC Augsburg": "FC_Augsburg",
        "Werder Bremen": "SV_Werder_Bremen",
        "Mainz 05": "1._FSV_Mainz_05",
        "1. FC Köln": "1._FC_Köln",
        "VfL Bochum": "VfL_Bochum",
        "Union Berlin": "1._FC_Union_Berlin",
        "Darmstadt 98": "SV_Darmstadt_98"
    },
    "libertadores": {
        "Flamengo": "Clube_de_Regatas_do_Flamengo",
        "Palmeiras": "Sociedade_Esportiva_Palmeiras",
        "Corinthians": "Sport_Club_Corinthians_Paulista",
        "São Paulo": "São_Paulo_Futebol_Clube",
        "Grêmio": "Grêmio_Foot-Ball_Porto_Alegrense",
        "Internacional": "Sport_Club_Internacional",
        "Atlético Mineiro": "Clube_Atlético_Mineiro",
        "Fluminense": "Fluminense_Football_Club",
        "Botafogo": "Botafogo_de_Futebol_e_Regatas",
        "Vasco da Gama": "Club_de_Regatas_Vasco_da_Gama",
        "River Plate": "Club_Atlético_River_Plate",
        "Boca Juniors": "Club_Atlético_Boca_Juniors",
        "Independiente": "Club_Atlético_Independiente",
        "Racing Club": "Racing_Club_de_Avellaneda",
        "San Lorenzo": "Club_Atlético_San_Lorenzo_de_Almagro",
        "Estudiantes": "Estudiantes_de_La_Plata",
        "Vélez Sarsfield": "Club_Atlético_Vélez_Sarsfield",
        "Rosario Central": "Club_Atlético_Rosario_Central",
        "Talleres": "Club_Atlético_Talleres",
        "Peñarol": "Club_Atlético_Peñarol",
        "Nacional": "Club_Nacional_de_Football",
        "Colo-Colo": "Colo-Colo",
        "Universidad de Chile": "Club_Universidad_de_Chile",
        "Universidad Católica": "Club_Deportivo_Universidad_Católica",
        "Olimpia": "Club_Olimpia",
        "Cerro Porteño": "Club_Cerro_Porteño",
        "Libertad": "Club_Libertad",
        "Atlético Nacional": "Atlético_Nacional",
        "Millonarios": "Millonarios_Fútbol_Club",
        "Junior": "Junior_de_Barranquilla",
        "LDU Quito": "LDU_Quito",
        "Barcelona SC": "Barcelona_Sporting_Club",
        "Independiente del Valle": "Independiente_del_Valle",
        "Bolívar": "Club_Bolívar",
        "The Strongest": "The_Strongest",
        "Alianza Lima": "Club_Alianza_Lima",
        "Universitario": "Club_Universitario_de_Deportes",
        "Sporting Cristal": "Club_Sporting_Cristal",
        "Caracas FC": "Caracas_Fútbol_Club",
        "Deportivo Táchira": "Deportivo_Táchira_Fútbol_Club"
    },
    "sulamericana": {
        "Corinthians": "Sport_Club_Corinthians_Paulista",
        "Internacional": "Sport_Club_Internacional",
        "Atlético Mineiro": "Clube_Atlético_Mineiro",
        "Fluminense": "Fluminense_Football_Club",
        "Botafogo": "Botafogo_de_Futebol_e_Regatas",
        "Vasco da Gama": "Club_de_Regatas_Vasco_da_Gama",
        "São Paulo": "São_Paulo_Futebol_Clube",
        "Santos": "Santos_Futebol_Clube",
        "Cruzeiro": "Cruzeiro_Esporte_Clube",
        "Bahia": "Esporte_Clube_Bahia",
        "Athletico Paranaense": "Club_Athletico_Paranaense",
        "Fortaleza": "Fortaleza_Esporte_Clube",
        "Cuiabá": "Cuiabá_Esporte_Clube",
        "Red Bull Bragantino": "Red_Bull_Bragantino",
        "Juventude": "Esporte_Clube_Juventude",
        "Criciúma": "Criciúma_Esporte_Clube",
        "Vitória": "Esporte_Clube_Vitória",
        "Lanús": "Club_Atlético_Lanús",
        "Belgrano": "Club_Atlético_Belgrano",
        "Argentinos Juniors": "Asociación_Atlética_Argentinos_Juniors",
        "Defensa y Justicia": "Defensa_y_Justicia",
        "Racing Club": "Racing_Club_de_Avellaneda",
        "Boca Juniors": "Club_Atlético_Boca_Juniors",
        "Independiente Medellín": "Independiente_Medellín",
        "América de Cali": "América_de_Cali",
        "Alianza FC": "Alianza_Fútbol_Club_(Colombia)",
        "Deportivo Garcilaso": "Deportivo_Garcilaso",
        "Universidad César Vallejo": "Club_Deportivo_Universidad_César_Vallejo",
        "Sportivo Ameliano": "Club_Sportivo_Ameliano",
        "Nacional Asunción": "Club_Nacional_(Asunción)",
        "Sportivo Luqueño": "Club_Sportivo_Luqueño",
        "Danubio": "Danubio_Fútbol_Club",
        "Montevideo Wanderers": "Montevideo_Wanderers_Fútbol_Club",
        "Racing Club de Montevideo": "Racing_Club_de_Montevideo",
        "Delfín SC": "Delfín_Sporting_Club",
        "Universidad Católica (Ecuador)": "Club_Deportivo_Universidad_Católica_(Ecuador)",
        "Unión La Calera": "Unión_La_Calera",
        "Coquimbo Unido": "Coquimbo_Unido",
        "Always Ready": "Club_Always_Ready",
        "Nacional Potosí": "Club_Atlético_Nacional_Potosí",
        "Metropolitanos": "Metropolitanos_Fútbol_Club",
        "Rayo Zuliano": "Deportivo_Rayo_Zuliano"
    },
    "champions": {
        "Real Madrid": "Real_Madrid_Club_de_Fútbol",
        "Barcelona": "Fútbol_Club_Barcelona",
        "Manchester City": "Manchester_City_F.C.",
        "Liverpool": "Liverpool_F.C.",
        "Bayern Munich": "Fußball-Club_Bayern_München",
        "Paris Saint-Germain": "Paris_Saint-Germain_Football_Club",
        "Juventus": "Juventus_Football_Club",
        "Chelsea": "Chelsea_F.C.",
        "Inter": "Football_Club_Internazionale_Milano",
        "AC Milan": "Associazione_Calcio_Milan",
        "Atlético Madrid": "Club_Atlético_de_Madrid",
        "Arsenal": "Arsenal_F.C.",
        "Borussia Dortmund": "Ballspielverein_Borussia_09_e._V._Dortmund",
        "Napoli": "Società_Sportiva_Calcio_Napoli",
        "FC Porto": "Futebol_Clube_do_Porto",
        "Benfica": "Sport_Lisboa_e_Benfica",
        "Sporting CP": "Sporting_Clube_de_Portugal",
        "Ajax": "Amsterdamsche_Football_Club_Ajax",
        "Feyenoord": "Feyenoord_Rotterdam",
        "PSV": "Philips_Sport_Vereniging",
        "Celtic": "Celtic_F.C.",
        "Rangers": "Rangers_F.C.",
        "Shakhtar Donetsk": "FC_Shakhtar_Donetsk",
        "Red Bull Salzburg": "FC_Red_Bull_Salzburg",
        "Lazio": "Società_Sportiva_Lazio",
        "Real Sociedad": "Real_Sociedad_de_Fútbol",
        "Galatasaray": "Galatasaray_S.K._(football)",
        "Fenerbahçe": "Fenerbahçe_S.K._(football)",
        "Copenhagen": "F.C._Copenhagen",
        "Young Boys": "BSC_Young_Boys",
        "Antwerp": "Royal_Antwerp_F.C.",
        "Club Brugge": "Club_Brugge_KV",
        "Red Star Belgrade": "Red_Star_Belgrade",
        "Dinamo Zagreb": "GNK_Dinamo_Zagreb",
        "Olympiacos": "Olympiacos_F.C.",
        "AS Monaco": "AS_Monaco_FC",
        "Lille": "Lille_OSC"
    },
    "saudi": {
        "Al-Nassr": "Al-Nassr_FC",
        "Al-Hilal": "Al-Hilal_SFC",
        "Al-Ittihad": "Al-Ittihad_Club_(Jeddah)",
        "Al-Ahli": "Al-Ahli_Saudi_FC",
        "Al-Ettifaq": "Al-Ettifaq_FC",
        "Al-Shabab": "Al-Shabab_FC_(Riyadh)",
        "Al-Taawoun": "Al-Taawoun_FC",
        "Al-Fateh": "Al-Fateh_SC",
        "Damac": "Damac_FC",
        "Al-Fayha": "Al-Fayha_FC",
        "Al-Tai": "Al-Tai_FC",
        "Al-Raed": "Al-Raed_FC",
        "Abha": "Abha_Club",
        "Al-Khaleej": "Al-Khaleej_FC",
        "Al-Riyadh": "Al-Riyadh_SC",
        "Al-Wehda": "Al-Wehda_FC_Mecca",
        "Al-Hazem": "Al-Hazem_F.C.",
        "Al-Okhdood": "Al-Okhdood_Club",
        "Al-Qadsiah": "Al-Qadsiah_FC",
        "Al-Orobah": "Al-Orobah_F.C."
    },
    "eredivisie": {
        "Ajax": "Amsterdamsche_Football_Club_Ajax",
        "PSV": "Philips_Sport_Vereniging",
        "Feyenoord": "Feyenoord_Rotterdam",
        "AZ Alkmaar": "Alkmaar_Zaanstreek",
        "Utrecht": "Football_Club_Utrecht",
        "Twente": "Football_Club_Twente",
        "Vitesse": "Stichting_Betaald_Voetbal_Vitesse",
        "Heerenveen": "Sportclub_Heerenveen",
        "Go Ahead Eagles": "Go_Ahead_Eagles",
        "Sparta Rotterdam": "Sparta_Rotterdam",
        "Fortuna Sittard": "Fortuna_Sittard",
        "RKC Waalwijk": "RKC_Waalwijk",
        "Excelsior": "Excelsior_Rotterdam",
        "Volendam": "FC_Volendam",
        "Almere City": "Almere_City_FC",
        "Heracles Almelo": "Heracles_Almelo",
        "PEC Zwolle": "PEC_Zwolle",
        "NEC": "N.E.C.",
        "FC Groningen": "FC_Groningen",
        "Willem II": "Willem_II_Tilburg",
        "ADO Den Haag": "ADO_Den_Haag",
        "NAC Breda": "NAC_Breda",
        "FC Emmen": "FC_Emmen",
        "VVV-Venlo": "VVV-Venlo",
        "De Graafschap": "De_Graafschap",
        "Roda JC Kerkrade": "Roda_JC_Kerkrade",
        "MVV Maastricht": "MVV_Maastricht",
        "Telstar": "Telstar",
        "Jong Ajax": "Jong_Ajax",
        "Jong PSV": "Jong_PSV",
        "Jong AZ": "Jong_AZ",
        "TOP Oss": "TOP_Oss",
        "Helmond Sport": "Helmond_Sport",
        "FC Dordrecht": "FC_Dordrecht",
        "Den Bosch": "FC_Den_Bosch",
        "Jong Utrecht": "Jong_FC_Utrecht"
    },
    "argentina": {
        "River Plate": "Club_Atlético_River_Plate",
        "Boca Juniors": "Club_Atlético_Boca_Juniors",
        "Independiente": "Club_Atlético_Independiente",
        "Racing Club": "Racing_Club_de_Avellaneda",
        "San Lorenzo": "Club_Atlético_San_Lorenzo_de_Almagro",
        "Estudiantes": "Estudiantes_de_La_Plata",
        "Gimnasia La Plata": "Gimnasia_y_Esgrima_La_Plata",
        "Rosario Central": "Club_Atlético_Rosario_Central", 
        "Newell's Old Boys": "Club_Atlético_Newell%27s_Old_Boys",
        "Vélez Sarsfield": "Club_Atlético_Vélez_Sarsfield",
        "Lanús": "Club_Atlético_Lanús",
        "Argentinos Juniors": "Asociación_Atlética_Argentinos_Juniors",
        "Union": "Club_Atlético_Unión",
        "Talleres": "Club_Atlético_Talleres",
        "Defensa y Justicia": "Defensa_y_Justicia",
        "Godoy Cruz": "Club_Deportivo_Godoy_Cruz_Antonio_Tomba",
        "Central Córdoba": "Central_Córdoba_de_Santiago_del_Estero",
        "Atlético Tucumán": "Club_Atlético_Tucumán",
        "Platense": "Club_Atlético_Platense",
        "Sarmiento": "Club_Atlético_Sarmiento_(Junín)",
        "Arsenal Sarandí": "Arsenal_Fútbol_Club",
        "Barracas Central": "Club_Atlético_Barracas_Central",
        "Tigre": "Club_Atlético_Tigre",
        "Colón": "Colón_de_Santa_Fe",
        "Huracán": "Club_Atlético_Huracán",
        "Aldosivi": "Club_Atlético_Aldosivi",
        "Patronato": "Club_Atlético_Patronato",
        "Banfield": "Club_Atlético_Banfield",
        "Belgrano": "Club_Atlético_Belgrano",
        "Instituto": "Instituto_Atlético_Central_Córdoba",
        "Independiente Rivadavia": "Club_Sportivo_Independiente_Rivadavia",
        "Deportivo Riestra": "Deportivo_Riestra",
        "Quilmes": "Quilmes_Atlético_Club",
        "Ferro Carril Oeste": "Club_Ferro_Carril_Oeste"
    }
}